Country,Deaths_2019,Deaths_2021,Other_2019,Other_2021,AlcoholicBeverages_2019,AlcoholicBeverages_2021,Sugar_2019,Sugar_2021,OilsAndFats_2019,OilsAndFats_2021,Meat_2019,Meat_2021,DairyAndEggs_2019,DairyAndEggs_2021,FruitsAndVeg_2019,FruitsAndVeg_2021,StarchyRoots_2019,StarchyRoots_2021,Pulses_2019,Pulses_2021,CerealsAndGrains_2019,CerealsAndGrains_2021,Schizophrenia_2019,DepressiveDisorders_2019,AnxietyDisorders_2019,BipolarDisorder_2019,EatingDisorders_2019,Schizophrenia_2021,DepressiveDisorders_2021,AnxietyDisorders_2021,BipolarDisorder_2021,EatingDisorders_2021
Afghanistan,1833.0,1873.0,9.0,10.0,0.0,0.0,156.0,132.0,247.0,246.0,42.0,45.0,93.0,94.0,106.0,104.0,47.0,39.0,17.0,16.0,1511.0,1512.0,0.2,5.1,5.0,0.7,0.1,0.2,5.9,6.0,0.7,0.1
Albania,235.0,242.0,67.0,68.0,50.0,50.0,213.0,246.0,387.0,379.0,229.0,261.0,729.0,695.0,530.0,580.0,84.0,87.0,47.0,47.0,1039.0,985.0,0.2,2.5,3.5,0.5,0.2,0.2,3.0,4.6,0.5,0.2
Algeria,3797.0,3977.0,30.0,27.0,6.0,5.0,297.0,295.0,572.0,616.0,109.0,99.0,286.0,276.0,412.0,393.0,117.0,109.0,61.0,61.0,1590.0,1616.0,0.2,4.3,4.9,0.7,0.2,0.2,4.7,5.5,0.7,0.2
Angola,580.0,632.0,13.0,15.0,79.0,73.0,140.0,132.0,336.0,314.0,139.0,127.0,12.0,16.0,129.0,129.0,774.0,810.0,69.0,67.0,735.0,705.0,0.2,6.2,3.6,0.5,0.2,0.2,6.8,4.1,0.5,0.2
Antigua and Barbuda,11.0,11.0,90.99,66.99,137.99,126.99,240.98,264.97,389.97,418.96,435.97,437.96,186.99,198.98,271.98,211.98,42.0,51.99,27.0,5.0,630.95,622.94,0.2,2.9,4.3,0.8,0.3,0.2,3.4,5.2,0.8,0.3
Argentina,2367.0,2142.0,55.0,59.0,113.0,111.0,452.0,382.0,498.0,592.0,557.0,578.0,293.0,326.0,147.0,145.0,84.0,90.0,52.0,76.0,1020.0,981.0,0.3,2.6,5.0,0.7,0.4,0.3,3.2,6.3,0.7,0.4
Armenia,350.0,349.0,106.0,100.0,28.0,29.0,323.0,307.0,451.0,440.0,310.0,314.0,463.0,469.0,278.0,301.0,122.0,120.0,23.0,26.0,1126.0,1112.0,0.2,3.2,2.5,0.5,0.2,0.2,3.8,3.4,0.5,0.2
Australia,2484.0,2557.0,121.0,106.0,164.0,211.0,418.0,419.0,829.0,780.0,496.0,482.0,435.0,401.0,176.0,186.0,95.0,98.0,53.0,81.0,715.0,690.0,0.4,4.5,5.8,1.1,1.0,0.4,4.9,6.2,1.1,1.1
Austria,1218.0,1168.0,46.0,37.0,202.0,207.0,416.0,372.0,1164.0,1178.0,374.0,353.0,388.0,447.0,216.0,209.0,102.0,90.0,15.0,16.0,890.0,908.0,0.3,3.1,5.9,0.8,0.5,0.3,3.6,7.1,0.8,0.5
Azerbaijan,717.0,674.0,58.0,67.0,153.0,170.0,257.0,254.0,376.0,433.0,180.0,188.0,305.0,315.0,240.0,253.0,141.0,145.0,5.0,7.0,1553.0,1550.0,0.2,2.9,2.2,0.5,0.2,0.2,3.4,2.9,0.5,0.2
Bahamas,31.0,32.0,156.0,166.0,125.0,126.0,334.0,289.99,373.0,388.99,452.0,533.99,195.0,186.0,248.0,251.99,31.0,34.0,3.0,2.0,637.0,593.99,0.2,3.0,4.3,0.8,0.3,0.2,3.5,5.4,0.8,0.3
Bahrain,116.0,134.0,122.0,142.0,43.0,35.0,493.0,476.0,648.0,744.0,420.0,404.0,254.0,213.0,277.0,270.0,66.0,63.0,54.0,56.0,1103.0,1087.0,0.3,4.6,4.8,0.7,0.3,0.3,5.3,5.7,0.7,0.3
Bangladesh,6991.0,7587.0,27.0,42.0,0.0,0.0,79.0,83.0,203.0,204.0,72.0,70.0,52.0,55.0,76.0,94.0,92.0,91.0,72.0,84.0,1839.0,1889.0,0.3,4.8,3.1,0.4,0.1,0.3,5.4,3.7,0.4,0.1
Barbados,92.0,90.0,201.99,173.0,93.0,83.0,594.97,536.99,401.98,511.99,393.98,434.99,206.99,224.0,182.99,184.0,102.0,112.0,53.0,58.0,906.96,855.99,0.3,3.1,4.3,0.8,0.3,0.2,3.7,5.4,0.8,0.3
Belarus,1998.0,1941.0,88.0,91.0,191.0,198.0,290.0,391.0,639.0,600.0,400.0,421.0,344.0,358.0,209.0,206.0,304.0,274.0,8.0,9.0,820.0,771.0,0.2,4.0,3.5,0.5,0.2,0.2,5.2,5.2,0.5,0.2
Belgium,1289.0,1190.0,52.0,71.0,167.0,163.0,493.0,491.0,1145.0,1125.0,279.0,298.0,492.0,507.0,237.0,277.0,159.0,164.0,35.0,48.0,789.0,749.0,0.3,3.7,5.2,0.8,0.5,0.3,4.3,6.1,0.8,0.5
Belize,24.0,24.0,110.0,130.0,110.0,106.0,402.0,349.99,545.0,502.99,322.0,313.99,186.0,231.0,129.0,89.0,41.0,52.0,63.0,38.0,955.99,1036.98,0.2,3.2,4.2,0.8,0.2,0.2,3.7,5.0,0.8,0.2
Benin,135.0,142.0,71.0,101.0,75.0,75.0,112.0,86.0,399.0,458.0,96.0,94.0,28.0,20.0,84.0,86.0,737.0,727.0,92.0,86.0,992.0,1033.0,0.2,4.7,3.0,0.5,0.1,0.2,4.9,3.3,0.5,0.1
Bermuda,9.0,9.0,66.12252688172043,69.1124193548387,77.87724324324324,77.9213440860215,287.3513440860215,281.22618279569895,472.2167204301075,478.4447311827958,259.1822580645161,263.20639784946235,218.73166666666665,223.215376344086,196.12655913978492,199.16908602150536,179.8743548387097,178.93951612903226,57.08086021505377,58.002526881720435,1091.4406989247311,1091.7427956989247,0.2,3.1,4.3,0.9,0.4,0.2,3.6,5.3,0.9,0.4
Bhutan,86.0,90.0,109.0,119.0,80.0,82.0,168.0,145.0,312.0,377.0,94.0,77.0,292.0,309.0,75.0,76.0,129.0,128.0,49.0,65.0,1938.98,1863.98,0.3,4.2,3.2,0.4,0.2,0.3,4.3,3.2,0.4,0.2
Bolivia,608.0,603.0,41.0,40.0,48.0,42.0,276.0,276.0,252.0,198.0,340.0,338.0,102.0,98.0,163.0,160.0,216.0,217.0,52.0,43.0,931.0,949.0,0.2,3.4,5.4,0.8,0.3,0.2,4.3,7.6,0.8,0.3
Bosnia and Herzegovina,680.0,645.0,178.0,191.0,205.0,208.0,258.0,253.0,341.0,339.0,237.0,243.0,369.0,315.0,329.0,343.0,153.0,152.0,55.0,67.0,1216.0,1259.0,0.2,2.9,3.4,0.5,0.2,0.2,3.4,4.5,0.5,0.2
Botswana,164.0,171.0,95.0,103.0,201.0,175.0,248.0,251.0,320.0,355.0,96.0,122.0,238.0,286.0,74.0,89.0,113.0,114.0,7.0,30.0,1184.0,1081.0,0.2,4.5,3.5,0.5,0.2,0.2,5.3,4.6,0.5,0.2
Brazil,21200.0,21890.0,24.0,24.0,106.0,96.0,431.0,377.0,688.0,736.0,448.0,438.0,326.0,326.0,161.0,160.0,126.0,128.0,112.0,107.0,861.0,908.0,0.2,3.6,7.3,1.1,0.3,0.2,4.4,9.0,1.1,0.3
Brunei,26.0,27.0,66.12252688172043,69.1124193548387,77.87724324324324,77.9213440860215,287.3513440860215,281.22618279569895,472.2167204301075,478.4447311827958,259.1822580645161,263.20639784946235,218.73166666666665,223.215376344086,196.12655913978492,199.16908602150536,179.8743548387097,178.93951612903226,57.08086021505377,58.002526881720435,1091.4406989247311,1091.7427956989247,0.3,1.7,2.9,0.5,0.5,0.3,1.9,3.3,0.5,0.5
Bulgaria,1604.0,1612.0,49.0,55.0,130.0,134.0,309.0,263.0,664.0,691.0,268.0,277.0,315.0,326.0,166.0,166.0,46.0,45.0,18.0,16.0,906.0,978.0,0.2,2.8,3.4,0.4,0.2,0.2,3.5,5.1,0.4,0.2
Burkina Faso,335.0,343.0,41.0,44.0,64.0,63.0,62.0,50.0,307.0,390.0,208.0,195.0,48.0,46.0,119.0,104.0,19.0,25.0,311.0,225.0,1453.0,1519.0,0.2,4.6,2.9,0.5,0.1,0.2,4.7,3.1,0.5,0.1
Burundi,144.0,155.0,3.0,4.0,41.0,39.0,40.0,55.0,73.0,67.0,24.0,23.0,11.0,12.0,160.0,161.0,849.0,848.0,253.0,253.0,324.0,314.0,0.2,4.9,3.5,0.5,0.1,0.2,5.4,4.2,0.5,0.1
Cambodia,294.0,320.0,24.0,26.0,47.0,86.0,353.0,367.0,207.0,227.0,163.0,167.0,11.0,14.0,48.0,41.0,324.0,326.0,39.0,39.0,1596.0,1516.0,0.3,3.0,3.9,0.3,0.1,0.3,3.4,4.7,0.3,0.1
Cameroon,779.0,813.0,28.0,26.0,106.0,74.0,109.0,115.0,404.0,369.0,92.0,102.0,25.0,30.0,285.0,274.0,487.0,486.0,181.0,160.0,1116.0,1171.0,0.2,4.8,3.0,0.5,0.1,0.2,5.0,3.3,0.5,0.1
Canada,1887.0,1847.0,66.0,66.0,93.0,90.0,428.0,432.0,992.0,1047.0,400.0,371.0,297.0,306.0,222.0,215.0,134.0,148.0,90.0,60.0,859.0,852.0,0.3,3.4,4.2,0.8,0.5,0.3,4.1,4.9,0.8,0.4
Cape Verde,22.0,21.0,94.0,76.0,65.0,56.0,171.0,187.99,284.0,378.99,198.0,190.99,176.0,176.0,122.0,110.0,74.0,70.0,111.0,99.0,1303.98,1293.96,0.2,5.1,2.9,0.5,0.2,0.2,5.8,3.5,0.5,0.2
Central African Republic,148.0,151.0,17.0,13.0,18.0,17.0,78.0,77.0,420.0,398.0,191.0,186.0,29.0,25.0,94.0,88.0,631.0,613.0,78.0,80.0,295.0,284.0,0.2,6.3,3.8,0.5,0.1,0.2,6.7,4.1,0.5,0.1
Chad,274.0,283.0,24.0,27.0,5.0,5.0,94.0,98.0,395.0,384.0,260.0,268.0,44.0,49.0,19.0,18.0,122.0,113.0,79.0,88.0,1256.0,1154.0,0.2,5.5,3.1,0.5,0.1,0.2,5.6,3.2,0.5,0.1
Chile,727.0,721.0,49.0,65.0,124.0,135.0,401.0,439.0,361.0,375.0,434.0,461.0,213.0,229.0,150.0,178.0,112.0,91.0,33.0,27.0,1171.0,1129.0,0.3,3.8,5.5,0.7,0.4,0.3,4.6,6.6,0.7,0.4
China,136701.0,148152.0,36.0,39.0,98.0,94.0,83.0,78.0,403.0,433.0,415.0,413.0,134.0,145.0,431.0,443.0,142.0,138.0,16.0,16.0,1548.0,1607.0,0.3,2.8,3.1,0.2,0.1,0.3,2.9,3.5,0.2,0.1
Colombia,2422.0,2633.0,26.0,27.0,65.0,76.0,578.0,577.0,422.0,454.0,305.0,300.0,254.0,260.0,268.0,268.0,174.0,163.0,68.0,47.0,885.0,918.0,0.2,2.2,4.6,0.7,0.3,0.2,2.5,5.6,0.7,0.3
Comoros,15.0,16.0,74.0,52.0,3.0,4.0,222.0,123.0,464.0,410.0,61.0,168.0,46.0,63.0,124.0,201.0,324.0,353.0,159.0,106.0,1012.0,986.0,0.2,4.4,3.5,0.6,0.1,0.2,4.9,4.1,0.6,0.1
Congo,146.0,155.0,31.0,46.0,71.0,70.0,95.0,98.0,334.0,334.0,192.0,222.0,11.0,14.0,108.0,86.0,820.0,814.0,27.0,24.0,452.0,486.0,0.2,5.9,3.5,0.5,0.2,0.2,6.5,4.0,0.5,0.2
Costa Rica,202.0,207.0,30.0,32.0,82.0,122.0,489.0,444.0,552.0,525.0,287.0,287.0,361.0,379.0,146.0,111.0,40.0,32.0,79.0,85.0,953.0,972.0,0.2,3.3,4.1,0.8,0.3,0.2,3.8,5.1,0.8,0.3
Cote d'Ivoire,574.0,605.0,62.0,95.0,24.0,26.0,113.0,110.0,347.0,319.0,93.0,94.0,17.0,19.0,176.0,185.0,942.0,935.0,15.0,15.0,1057.0,1119.0,0.2,4.1,3.0,0.5,0.1,0.2,4.2,3.2,0.5,0.1
Croatia,949.0,970.0,105.0,97.0,174.0,185.0,441.0,373.0,542.0,654.0,384.0,411.0,355.0,347.0,263.0,260.0,74.0,65.0,13.0,11.0,831.0,856.0,0.2,3.1,3.4,0.5,0.2,0.2,3.5,4.3,0.5,0.2
Cuba,1321.0,1342.0,20.0,15.0,131.0,153.0,522.0,509.0,280.0,564.0,332.0,237.0,181.0,139.0,307.0,246.0,286.0,209.0,154.0,117.0,1210.0,1228.0,0.2,3.7,4.2,0.8,0.2,0.2,4.4,5.3,0.8,0.2
Cyprus,148.0,147.0,150.0,147.0,116.0,96.0,228.0,240.0,528.0,518.0,377.0,346.0,341.0,388.0,156.0,168.0,38.0,39.0,24.0,24.0,1085.0,1078.0,0.3,3.3,6.0,0.8,0.4,0.3,3.7,7.0,0.8,0.4
Czechia,2192.0,2175.0,85.0,88.0,329.0,319.0,349.0,383.0,903.0,928.0,348.0,353.0,346.0,362.0,162.0,172.0,122.0,108.0,20.0,24.0,680.0,666.0,0.2,3.0,3.2,0.5,0.2,0.2,3.5,4.1,0.5,0.2
Democratic Republic of Congo,2743.0,2908.0,7.0,10.0,14.0,12.0,36.0,27.0,177.0,160.0,26.0,21.0,1.0,1.0,120.0,114.0,1412.0,1405.0,34.0,32.0,330.0,315.0,0.2,5.8,3.5,0.5,0.1,0.2,6.1,3.8,0.5,0.1
Denmark,666.0,677.0,87.0,112.0,158.0,172.0,488.0,480.0,791.0,706.0,381.0,363.0,573.0,616.0,192.0,202.0,118.0,120.0,8.0,14.0,784.0,798.0,0.4,3.6,5.2,0.8,0.5,0.4,4.2,6.2,0.8,0.5
Djibouti,19.0,20.0,83.0,105.0,8.0,9.0,407.0,373.0,374.0,419.0,76.0,79.0,102.0,144.0,122.0,123.0,35.0,48.0,127.0,142.0,1459.99,1371.0,0.2,4.6,3.3,0.6,0.1,0.2,5.0,3.8,0.6,0.1
Dominica,9.0,9.0,168.96,182.94,101.98,104.96,426.9,430.85,313.93,207.93,371.92,413.86,224.95,225.92,454.9,517.82,340.92,336.88,53.99,58.98,524.88,503.83,0.2,3.0,4.3,0.8,0.2,0.2,3.5,5.2,0.8,0.2
Dominican Republic,715.0,761.0,41.0,37.0,88.0,74.0,411.0,405.0,520.0,504.0,231.0,233.0,240.0,240.0,648.0,629.0,90.0,93.0,91.0,88.0,690.0,803.0,0.2,3.7,4.4,0.8,0.3,0.2,4.2,5.0,0.8,0.3
East Timor,24.0,26.0,40.0,44.0,2.0,2.0,149.0,151.0,370.0,320.0,133.0,93.0,26.0,34.0,48.0,52.0,94.0,83.0,55.0,62.0,1317.0,1357.0,0.3,2.8,3.5,0.3,0.1,0.3,3.1,4.1,0.3,0.1
Ecuador,622.0,621.0,29.0,30.0,53.0,51.0,257.0,255.0,522.0,539.0,214.0,231.0,198.0,194.0,110.0,117.0,44.0,45.0,20.0,21.0,1059.0,1100.0,0.2,3.3,5.1,0.8,0.3,0.2,4.0,6.5,0.8,0.3
Egypt,10218.0,10743.0,29.0,18.0,2.0,1.0,288.0,270.0,244.0,270.0,156.0,164.0,104.0,101.0,275.0,274.0,61.0,79.0,34.0,34.0,1947.0,1916.0,0.2,4.1,4.4,0.7,0.2,0.2,4.6,5.2,0.7,0.2
El Salvador,394.0,401.0,42.0,46.0,55.0,60.0,353.0,337.0,239.0,277.0,185.0,196.0,222.0,251.0,175.0,194.0,59.0,68.0,152.0,164.0,1339.0,1197.0,0.2,3.5,4.3,0.8,0.2,0.2,4.0,5.2,0.8,0.2
Estonia,182.0,185.0,108.0,111.0,256.0,278.0,302.0,332.0,673.0,638.0,322.0,340.0,649.0,675.0,179.0,178.0,124.0,103.0,49.0,39.0,591.0,594.0,0.2,3.8,3.4,0.5,0.2,0.2,4.6,4.6,0.5,0.2
Eswatini,78.0,76.0,40.0,76.0,102.0,105.0,367.0,314.0,234.0,288.0,149.0,143.0,98.0,101.0,86.0,101.0,150.0,145.0,24.0,28.0,1236.99,1249.0,0.2,4.8,3.5,0.5,0.2,0.2,6.0,4.9,0.5,0.2
Ethiopia,1366.0,1458.0,47.0,45.0,25.0,17.0,65.0,80.0,90.0,245.0,35.0,36.0,65.0,64.0,27.0,31.0,69.0,74.0,183.0,207.0,1803.0,1670.0,0.2,4.9,3.5,0.6,0.1,0.2,5.3,4.1,0.6,0.1
Fiji,202.0,208.0,53.0,83.0,49.0,39.0,408.0,421.0,526.0,545.0,280.0,247.0,88.0,94.0,120.0,141.0,343.0,373.0,70.0,63.0,884.0,870.0,0.3,2.9,3.7,0.3,0.1,0.3,3.3,4.4,0.3,0.1
Finland,664.0,672.0,106.0,98.0,154.0,146.0,361.0,343.0,437.0,443.0,427.0,434.0,589.0,596.0,184.0,172.0,115.0,114.0,22.0,35.0,947.0,939.0,0.3,4.4,4.1,0.8,0.5,0.3,5.2,4.8,0.8,0.5
France,8001.0,7863.0,95.0,110.0,219.0,187.0,327.0,381.0,766.0,746.0,445.0,440.0,451.0,471.0,201.0,208.0,109.0,113.0,12.0,13.0,910.0,935.0,0.3,4.1,6.3,0.8,0.5,0.3,4.8,7.7,0.8,0.5
Gabon,44.0,44.0,44.0,49.0,103.0,107.0,203.0,175.0,292.0,253.0,320.0,335.0,48.0,47.0,299.0,289.0,433.0,421.0,2.0,2.0,862.0,915.0,0.2,6.0,3.6,0.5,0.2,0.2,6.7,4.3,0.5,0.2
Gambia,50.0,51.0,32.0,26.0,11.0,8.0,509.0,499.0,380.0,412.0,117.0,115.0,108.0,113.0,24.0,23.0,18.0,18.0,8.0,7.0,1269.0,1214.0,0.2,5.9,3.0,0.5,0.1,0.2,6.3,3.4,0.5,0.1
Georgia,544.0,521.0,124.0,129.0,79.0,63.0,481.0,411.0,357.0,351.0,188.0,182.0,352.0,369.0,121.0,126.0,85.0,97.0,2.0,1.0,1268.0,1326.0,0.2,3.6,2.2,0.5,0.2,0.2,4.2,2.9,0.5,0.2
Germany,10484.0,10382.0,44.0,44.0,207.0,216.0,436.0,457.0,947.0,964.0,360.0,343.0,537.0,544.0,203.0,211.0,121.0,111.0,5.0,7.0,774.0,738.0,0.2,3.6,6.2,0.7,0.5,0.2,4.2,7.6,0.7,0.5
Ghana,1189.0,1259.0,41.0,47.0,27.0,33.0,154.0,171.0,262.0,266.0,111.0,137.0,18.0,20.0,347.0,334.0,1196.0,1141.0,57.0,56.0,797.0,877.0,0.2,4.6,2.9,0.5,0.2,0.2,4.9,3.2,0.5,0.2
Greece,1535.0,1604.0,63.0,61.0,101.0,87.0,293.0,363.0,957.0,885.0,346.0,333.0,461.0,453.0,284.0,264.0,99.0,86.0,28.0,29.0,790.0,788.0,0.3,5.4,5.7,0.8,0.5,0.3,6.3,7.2,0.8,0.5
Grenada,13.0,13.0,213.97,235.97,115.98,87.99,291.96,283.97,356.95,421.95,355.95,402.95,266.96,255.97,227.97,256.97,77.99,48.99,29.0,33.0,562.92,579.93,0.2,3.1,4.3,0.8,0.3,0.2,3.6,5.2,0.8,0.3
Guatemala,443.0,426.0,19.0,19.0,33.0,38.0,486.0,574.0,293.0,344.0,173.0,171.0,115.0,126.0,154.0,216.0,49.0,50.0,88.0,86.0,1225.0,1132.0,0.2,3.7,4.2,0.8,0.2,0.2,4.3,5.1,0.8,0.2
Guinea,206.0,202.0,16.0,23.0,3.0,5.0,130.0,176.0,520.0,411.0,97.0,103.0,49.0,44.0,195.0,196.0,545.0,600.0,36.0,35.0,1221.0,1310.0,0.2,4.6,3.1,0.5,0.1,0.2,4.9,3.5,0.5,0.1
Guinea-Bissau,55.0,56.0,20.0,20.0,38.0,39.0,55.0,33.0,379.0,371.0,87.0,84.0,42.0,44.0,91.0,90.0,170.0,145.0,15.0,16.0,1283.0,1323.99,0.2,4.7,2.9,0.5,0.1,0.2,5.0,3.3,0.5,0.1
Guyana,87.0,87.0,144.0,153.0,47.0,48.0,281.0,319.0,204.0,203.0,299.0,344.0,192.0,233.0,594.99,589.0,135.0,149.0,70.0,73.0,1140.98,1080.0,0.2,4.8,4.3,0.8,0.2,0.2,6.0,5.6,0.8,0.2
Haiti,932.0,956.0,23.0,19.0,115.0,86.0,247.0,242.0,212.0,199.0,101.0,110.0,35.0,30.0,169.0,177.0,121.0,122.0,87.0,86.0,1001.0,1006.0,0.2,3.5,4.5,0.8,0.1,0.2,4.0,5.2,0.8,0.1
Honduras,307.0,318.0,40.0,41.0,47.0,57.0,437.0,385.0,508.0,548.0,154.0,169.0,129.0,130.0,89.0,83.0,20.0,23.0,105.0,109.0,1103.0,1122.0,0.2,3.2,4.1,0.8,0.2,0.2,3.9,5.3,0.8,0.2
Hungary,2053.0,1943.0,45.0,42.0,193.0,193.0,407.0,427.0,777.0,869.0,384.0,369.0,325.0,326.0,185.0,186.0,74.0,64.0,27.0,23.0,893.0,925.0,0.2,3.0,3.3,0.5,0.2,0.2,3.4,4.3,0.5,0.2
Iceland,24.0,25.0,207.99,229.0,134.99,140.0,372.98,329.99,548.97,528.99,637.97,597.99,578.97,552.99,219.99,201.0,77.0,65.0,6.0,6.0,873.96,961.98,0.3,3.1,5.3,0.8,0.5,0.3,3.4,5.7,0.8,0.5
India,97566.0,101014.0,30.0,32.0,16.0,16.0,241.0,207.0,363.0,365.0,37.0,36.0,200.0,211.0,154.0,159.0,56.0,58.0,133.0,132.0,1309.0,1353.0,0.3,3.8,2.9,0.3,0.2,0.3,4.4,3.5,0.3,0.2
Indonesia,40328.0,42971.0,22.0,24.0,2.0,2.0,261.0,272.0,454.0,594.0,174.0,172.0,75.0,82.0,136.0,159.0,211.0,205.0,8.0,9.0,1571.0,1397.0,0.3,2.5,3.4,0.3,0.1,0.3,2.8,4.2,0.3,0.1
Iran,6848.0,6688.0,16.0,16.0,1.0,1.0,311.0,306.0,501.0,497.0,172.0,157.0,98.0,99.0,314.0,287.0,56.0,40.0,35.0,38.0,1411.0,1454.0,0.3,5.1,6.9,0.8,0.3,0.3,5.6,8.2,0.8,0.3
Iraq,4099.0,4611.0,42.03,39.46,4.29,5.15,175.83,177.55,359.38,379.11,83.2,67.76,84.06,59.18,158.68,154.39,23.16,24.87,50.61,66.04,1301.16,1329.47,0.2,4.1,5.1,0.7,0.2,0.2,4.4,5.8,0.7,0.2
Ireland,465.0,427.0,157.0,217.0,216.0,211.0,445.0,455.0,627.0,630.0,456.0,427.0,576.0,733.0,212.0,177.0,139.0,155.0,20.0,9.0,1060.0,845.0,0.3,4.5,6.7,0.7,0.5,0.3,5.2,7.9,0.7,0.5
Israel,695.0,696.0,110.0,123.0,40.0,47.0,374.0,475.0,774.0,781.0,465.0,484.0,376.0,377.0,288.0,322.0,71.0,64.0,43.0,34.0,1103.0,994.0,0.3,4.5,3.8,1.0,0.4,0.3,5.0,4.4,1.0,0.4
Italy,10722.0,10768.0,26.0,28.0,133.0,140.0,339.0,347.0,903.0,940.0,380.0,372.0,437.0,444.0,216.0,224.0,73.0,78.0,51.0,72.0,1090.0,1090.0,0.3,3.8,5.5,0.8,0.6,0.3,4.5,6.8,0.8,0.6
Jamaica,498.0,501.0,123.0,100.0,62.0,64.0,485.0,448.0,414.0,397.0,314.0,296.0,181.0,174.0,213.0,238.0,176.0,238.0,27.0,30.0,922.0,898.0,0.2,3.0,4.2,0.8,0.2,0.2,3.5,5.2,0.8,0.2
Japan,14908.0,15368.0,53.0,49.0,89.0,98.0,285.0,270.0,570.0,555.0,310.0,330.0,199.0,193.0,133.0,130.0,60.0,56.0,12.0,10.0,1022.0,968.0,0.3,2.2,2.4,0.5,0.5,0.3,2.6,3.2,0.5,0.5
Jordan,544.0,642.0,52.0,57.0,3.0,1.0,377.0,329.0,613.0,530.0,152.0,160.0,139.0,126.0,125.0,139.0,47.0,50.0,53.0,51.0,954.0,710.0,0.2,4.1,5.0,0.7,0.2,0.2,4.5,5.7,0.7,0.2
Kazakhstan,1178.0,1170.0,90.0,103.0,91.0,86.0,255.0,287.0,591.0,636.0,338.0,354.0,557.0,562.0,246.0,266.0,194.0,186.0,59.0,44.0,948.0,844.0,0.2,3.6,2.1,0.5,0.2,0.2,4.0,2.5,0.5,0.2
Kenya,933.0,980.0,8.0,7.0,24.0,18.0,222.0,261.0,201.0,263.0,68.0,55.0,168.0,175.0,135.0,150.0,171.0,131.0,161.0,131.0,1145.0,1026.0,0.2,5.0,3.4,0.6,0.1,0.2,5.4,3.9,0.6,0.1
Kiribati,22.0,23.0,30.0,49.99,5.0,12.0,453.96,454.95,1064.9,1002.9,320.97,391.96,86.99,79.99,142.99,151.98,34.0,37.0,0.0,1.0,984.9,912.91,0.3,3.0,3.8,0.3,0.1,0.3,3.2,4.3,0.3,0.1
Kuwait,245.0,282.0,133.0,160.0,0.0,2.0,361.0,286.0,533.0,539.0,341.0,376.0,288.0,291.0,426.0,370.0,72.0,83.0,51.0,53.0,1267.0,1337.0,0.3,4.2,4.8,0.7,0.4,0.3,4.3,5.1,0.7,0.4
Kyrgyzstan,325.0,316.0,70.0,62.0,35.0,27.0,182.0,196.0,270.0,276.0,178.0,196.0,435.0,440.0,197.0,192.0,216.0,191.0,10.0,100.0,1169.0,1015.0,0.2,3.6,2.0,0.5,0.1,0.2,4.2,2.5,0.5,0.1
Laos,170.0,182.0,64.0,58.0,58.0,58.0,149.0,171.0,190.0,166.0,203.0,213.0,15.0,21.0,339.0,345.0,127.0,126.0,5.0,8.0,1574.0,1553.0,0.3,2.8,4.4,0.3,0.1,0.3,3.0,5.1,0.3,0.1
Latvia,351.0,349.0,143.0,149.0,162.0,144.0,327.0,375.0,665.0,761.0,372.0,384.0,382.0,406.0,159.0,152.0,181.0,114.0,2.0,1.0,874.0,794.0,0.2,3.9,3.6,0.5,0.2,0.2,4.9,5.2,0.5,0.2
Lebanon,595.0,619.0,53.0,52.0,19.0,14.0,394.0,428.0,580.0,623.0,185.0,173.0,204.0,174.0,255.0,226.0,88.0,91.0,55.0,64.0,1058.0,1047.0,0.3,4.8,6.0,0.9,0.2,0.3,6.2,8.3,0.9,0.2
Lesotho,76.0,71.0,38.0,33.0,48.0,40.0,131.0,124.0,141.0,146.0,56.0,109.0,156.0,153.0,39.0,40.0,107.0,94.0,25.0,21.0,1244.99,1274.99,0.2,6.0,3.5,0.5,0.1,0.2,7.4,4.8,0.5,0.1
Liberia,168.0,178.0,32.0,38.0,36.0,33.0,81.0,87.0,293.0,237.0,93.0,98.0,11.0,17.0,88.0,89.0,402.0,401.0,9.0,9.0,1086.0,1085.0,0.2,4.8,3.1,0.5,0.1,0.2,5.0,3.4,0.5,0.1
Libya,630.0,649.0,112.0,127.0,0.0,0.0,361.0,296.0,666.0,657.0,215.0,244.0,213.0,267.0,313.0,304.0,49.0,44.0,17.0,34.0,1234.0,1206.0,0.2,4.6,5.2,0.7,0.2,0.2,5.0,6.2,0.7,0.2
Lithuania,762.0,756.0,47.0,56.0,185.0,182.0,387.0,385.0,442.0,429.0,454.0,471.0,486.0,539.0,140.0,154.0,99.0,97.0,22.0,15.0,1034.0,1029.0,0.2,4.2,4.2,0.5,0.2,0.2,5.4,5.9,0.5,0.2
Luxembourg,51.0,49.0,258.0,256.0,336.99,339.99,277.0,283.0,561.99,392.99,497.99,500.99,410.99,478.99,218.0,204.0,65.0,74.0,13.0,10.0,874.98,929.99,0.3,3.4,5.4,0.8,0.6,0.3,3.9,6.3,0.8,0.6
Madagascar,312.0,334.0,9.0,7.0,9.0,6.0,141.0,171.0,80.0,86.0,36.0,33.0,38.0,37.0,70.0,66.0,366.0,321.0,17.0,13.0,1229.0,1241.0,0.2,4.9,3.7,0.6,0.1,0.2,5.4,4.3,0.6,0.1
Malawi,236.0,246.0,9.0,9.0,17.0,21.0,49.0,59.0,139.0,140.0,160.0,170.0,24.0,25.0,269.0,278.0,405.0,410.0,145.0,152.0,1382.0,1371.0,0.2,4.3,3.7,0.5,0.1,0.2,4.8,4.4,0.5,0.1
Malaysia,2240.0,2452.0,55.0,60.0,12.0,12.0,437.0,440.0,629.0,655.0,373.0,361.0,135.0,147.0,119.0,121.0,45.0,47.0,24.0,23.0,1122.0,1096.0,0.3,3.7,4.3,0.3,0.2,0.3,3.7,5.2,0.3,0.2
Maldives,31.0,33.0,165.0,162.0,21.0,21.0,277.0,255.0,317.99,312.99,273.0,271.0,266.0,264.0,199.0,187.0,53.0,50.0,28.0,29.0,972.98,1033.98,0.3,3.0,3.3,0.3,0.1,0.3,3.3,3.9,0.3,0.1
Mali,516.0,524.0,13.0,19.0,9.0,30.0,101.0,83.0,198.0,176.0,63.0,47.0,88.0,89.0,163.0,197.0,68.0,79.0,69.0,94.0,2017.0,1921.0,0.2,3.7,2.7,0.5,0.1,0.2,3.9,3.0,0.5,0.1
Malta,74.0,79.0,95.0,109.0,126.0,100.0,489.98,450.0,521.98,604.0,341.99,345.0,344.99,377.0,216.99,204.0,75.0,61.0,12.0,13.0,1101.96,1071.0,0.3,3.3,5.9,0.8,0.5,0.3,3.7,6.7,0.8,0.5
Mauritania,222.0,239.0,35.0,40.0,0.0,0.0,396.0,446.0,311.0,278.0,165.0,166.0,287.0,241.0,72.0,90.0,13.0,22.0,94.0,88.0,1577.0,1600.0,0.2,3.9,2.7,0.5,0.1,0.2,4.1,3.0,0.5,0.1
Mauritius,209.0,225.0,89.0,97.0,64.0,53.0,374.0,382.0,554.0,585.99,295.0,283.0,195.0,171.0,116.0,116.0,46.0,50.0,84.0,77.0,1213.0,1246.99,0.3,3.9,3.5,0.3,0.2,0.3,4.5,4.3,0.3,0.2
Mexico,8928.0,9670.0,39.0,39.0,95.0,103.0,445.0,412.0,429.0,436.0,358.0,369.0,255.0,270.0,203.0,195.0,32.0,37.0,84.0,86.0,1329.0,1331.0,0.2,3.6,3.5,0.9,0.3,0.2,4.4,4.5,0.9,0.3
Micronesia (country),28.0,29.0,93.99,58.99,26.0,29.0,239.97,249.97,797.91,785.91,384.96,412.95,46.99,53.99,73.99,70.99,323.97,319.96,0.0,0.0,772.92,770.91,0.3,2.9,3.7,0.3,0.1,0.3,3.1,4.2,0.3,0.1
Moldova,506.0,508.0,67.14,82.83,99.03,110.44,340.72,283.64,354.14,413.32,250.08,271.92,250.08,218.37,255.96,213.35,115.81,100.4,41.12,58.57,755.28,780.62,0.2,3.4,3.8,0.5,0.2,0.2,4.0,4.9,0.5,0.2
Mongolia,45.0,49.0,177.0,200.0,104.0,117.0,166.0,184.0,422.0,363.0,534.0,552.0,402.0,375.0,66.0,84.0,88.0,91.0,3.0,4.0,895.0,1084.0,0.2,4.2,2.1,0.5,0.2,0.2,4.4,2.3,0.5,0.2
Montenegro,88.0,88.0,182.0,147.0,141.0,125.0,318.0,302.0,348.0,345.0,472.0,491.0,604.0,642.0,257.0,225.0,51.0,54.0,40.0,38.0,1049.99,1188.01,0.2,2.9,3.5,0.5,0.2,0.2,3.5,4.8,0.5,0.2
Morocco,5547.0,5704.0,35.0,38.0,7.0,7.0,346.0,324.0,414.0,420.0,207.0,180.0,108.0,114.0,251.0,244.0,75.0,64.0,65.0,65.0,1878.0,1927.0,0.2,5.2,4.9,0.7,0.2,0.2,6.0,6.0,0.7,0.2
Mozambique,411.0,417.0,7.0,13.0,20.0,16.0,117.0,117.0,237.0,251.0,66.0,76.0,14.0,8.0,78.0,67.0,591.0,546.0,101.0,57.0,853.0,1018.0,0.2,5.2,3.8,0.5,0.1,0.2,5.8,4.5,0.5,0.1
Myanmar,1526.0,1636.0,43.0,25.0,7.0,6.0,187.0,195.0,452.0,352.0,391.0,182.0,92.0,33.0,131.0,144.0,46.0,39.0,127.0,96.0,1298.0,1746.0,0.3,2.3,3.6,0.3,0.1,0.3,2.6,4.6,0.3,0.1
Namibia,149.0,152.0,59.0,75.0,165.0,163.0,304.0,330.0,268.0,297.0,143.0,190.0,120.0,125.0,84.0,66.0,288.0,286.0,78.0,71.0,1065.0,961.0,0.2,3.9,3.5,0.5,0.2,0.2,4.7,4.8,0.5,0.2
Nauru,1.0,1.0,124.73,135.75,27.94,35.93,483.96,449.17,632.64,625.85,629.65,655.79,207.56,225.59,106.77,126.77,43.91,27.95,116.75,134.75,612.69,610.88,0.3,3.2,3.8,0.3,0.1,0.3,3.4,4.3,0.3,0.1
Nepal,982.0,1032.0,62.0,67.0,19.0,34.0,110.0,127.0,354.0,368.0,66.0,68.0,116.0,123.0,181.0,187.0,167.0,171.0,124.0,141.0,1646.0,1659.0,0.3,5.2,3.2,0.4,0.1,0.3,6.1,3.9,0.4,0.1
Netherlands,1352.0,1392.0,31.0,38.0,153.0,110.0,438.0,423.0,653.0,684.0,306.0,358.0,635.0,643.0,269.0,292.0,125.0,119.0,20.0,20.0,836.0,778.0,0.4,3.7,6.4,0.8,0.4,0.4,4.4,7.9,0.8,0.4
New Zealand,566.0,578.0,118.0,113.0,100.0,94.0,541.0,536.0,557.0,675.0,398.0,372.0,210.0,153.0,203.0,171.0,92.0,111.0,28.0,25.0,884.0,878.0,0.4,3.7,7.2,1.4,0.6,0.4,3.8,7.4,1.4,0.6
Nicaragua,197.0,191.0,41.0,41.0,41.0,51.0,388.0,358.0,276.0,242.0,125.0,138.0,233.0,225.0,92.0,94.0,50.0,53.0,122.0,136.0,1241.0,1318.0,0.2,3.3,4.2,0.8,0.2,0.2,3.8,5.1,0.8,0.2
Niger,321.0,340.0,14.0,15.0,1.0,1.0,47.0,58.0,355.0,349.0,40.0,41.0,87.0,79.0,134.0,142.0,75.0,100.0,379.0,451.0,1464.0,1303.0,0.2,4.4,2.9,0.5,0.1,0.2,4.4,2.9,0.5,0.1
Nigeria,5186.0,5427.0,20.0,21.0,15.0,17.0,105.0,100.0,424.0,421.0,52.0,50.0,19.0,21.0,131.0,127.0,650.0,636.0,96.0,97.0,1029.0,1014.0,0.2,3.9,2.9,0.5,0.2,0.2,4.0,3.1,0.5,0.2
North Korea,2242.0,2320.0,7.0,7.0,59.0,82.0,42.0,40.0,210.0,137.0,89.0,80.0,21.0,22.0,175.0,169.0,69.0,90.0,91.0,91.0,1304.0,1264.0,0.3,2.7,3.5,0.2,0.1,0.3,2.8,3.7,0.2,0.1
North Macedonia,399.0,386.0,114.0,138.0,70.0,87.0,387.0,392.0,617.0,597.0,206.0,211.0,275.0,260.0,339.0,352.0,101.0,113.0,43.0,46.0,930.0,969.0,0.2,2.7,3.4,0.5,0.2,0.2,3.3,4.9,0.5,0.2
Norway,485.0,494.0,327.0,205.0,110.0,134.0,302.0,330.0,615.0,608.0,411.0,441.0,349.0,379.0,194.0,193.0,91.0,95.0,114.0,151.0,1017.0,974.0,0.3,4.0,6.8,0.7,0.5,0.3,4.4,7.5,0.7,0.5
Oman,221.0,221.0,97.0,84.0,26.0,23.0,244.0,240.0,450.0,438.0,266.0,258.0,324.0,396.0,610.0,652.0,70.0,71.0,47.0,61.0,948.0,824.0,0.3,4.1,4.8,0.6,0.3,0.3,4.7,5.6,0.6,0.3
Pakistan,10253.0,10709.0,17.0,19.0,0.0,0.0,224.0,289.0,463.0,446.0,83.0,79.0,352.0,341.0,92.0,81.0,30.0,36.0,40.0,55.0,1150.0,1139.0,0.3,4.3,3.3,0.4,0.2,0.3,4.6,3.7,0.4,0.2
Panama,188.0,194.0,81.0,55.0,120.0,126.0,292.0,257.0,559.0,500.0,386.0,365.0,163.0,196.0,176.0,232.0,41.0,53.0,28.0,41.0,1208.0,1212.0,0.2,3.0,3.8,0.8,0.3,0.2,3.5,4.7,0.8,0.3
Papua New Guinea,441.0,472.0,15.0,21.0,17.0,13.0,113.0,115.0,408.0,381.0,284.0,280.0,8.0,10.0,388.0,387.0,457.0,436.0,3.0,3.0,503.0,559.0,0.3,3.1,3.7,0.3,0.1,0.3,3.2,4.1,0.3,0.1
Paraguay,379.0,365.0,54.0,49.0,126.0,136.0,189.0,132.0,540.0,478.0,198.0,176.0,186.0,189.0,127.0,132.0,535.0,533.0,91.0,92.0,1051.0,1209.0,0.2,3.2,6.8,1.0,0.2,0.2,3.9,8.4,1.0,0.2
Peru,1409.0,1296.0,32.0,35.0,89.0,82.0,220.0,206.0,272.0,295.0,314.0,309.0,157.0,170.0,247.0,244.0,376.0,367.0,77.0,76.0,1021.0,1014.0,0.2,2.2,5.3,0.8,0.3,0.2,2.7,7.2,0.8,0.3
Philippines,3915.0,4120.0,54.0,52.0,73.0,74.0,251.0,221.0,226.0,260.0,239.0,215.0,45.0,45.0,206.0,200.0,46.0,49.0,13.0,13.0,1663.0,1704.0,0.3,3.0,3.9,0.3,0.1,0.3,3.4,4.8,0.3,0.1
Poland,6785.0,6918.0,14.0,13.0,178.0,173.0,435.0,443.0,580.0,627.0,447.0,469.0,407.0,457.0,159.0,173.0,175.0,176.0,8.0,5.0,1074.0,1018.0,0.2,2.4,3.2,0.5,0.2,0.2,2.7,4.1,0.5,0.2
Portugal,1864.0,1871.0,103.0,92.0,237.0,238.0,246.0,199.0,745.0,803.0,504.0,497.0,331.0,328.0,265.0,275.0,115.0,114.0,35.0,28.0,906.0,953.0,0.3,4.7,7.7,0.8,0.4,0.3,5.8,9.7,0.8,0.4
Qatar,84.0,92.0,161.0,160.0,16.0,17.0,262.0,270.0,546.0,571.0,373.0,387.0,246.0,221.0,298.0,303.0,66.0,66.0,91.0,94.0,1422.0,1408.0,0.3,4.1,4.4,0.7,0.4,0.3,4.5,4.9,0.7,0.4
Romania,3540.0,3636.0,68.0,78.0,180.0,208.0,304.0,308.0,601.0,637.0,294.0,301.0,483.0,493.0,270.0,257.0,178.0,101.0,13.0,15.0,1255.0,1266.0,0.2,2.7,3.2,0.6,0.2,0.2,3.3,4.3,0.6,0.2
Russia,27863.0,28051.0,35.0,34.0,146.0,147.0,406.0,383.0,541.0,533.0,372.0,378.0,346.0,358.0,168.0,168.0,159.0,151.0,21.0,26.0,1155.0,1203.0,0.2,3.3,3.3,0.5,0.2,0.2,3.9,4.4,0.5,0.2
Rwanda,165.0,182.0,7.0,9.0,25.0,27.0,123.0,128.0,175.0,143.0,50.0,46.0,37.0,36.0,272.0,380.0,693.0,699.0,292.0,294.0,524.0,505.0,0.2,5.2,3.6,0.6,0.1,0.2,5.8,4.2,0.6,0.1
Saint Kitts and Nevis,7.0,7.0,103.94,110.95,69.96,62.97,443.73,422.81,658.6,596.74,430.74,469.79,148.91,157.93,146.91,149.93,72.96,70.97,43.97,44.98,710.57,776.66,0.2,3.8,4.3,0.8,0.3,0.2,4.4,5.0,0.8,0.3
Saint Lucia,21.0,24.0,134.99,138.99,129.99,137.99,425.97,244.98,283.98,292.98,359.97,437.97,164.99,122.99,187.99,187.99,69.99,81.99,53.0,53.0,857.93,946.93,0.2,3.2,4.3,0.8,0.3,0.2,3.9,5.5,0.8,0.3
Saint Vincent and the Grenadines,16.0,16.0,285.95,265.97,105.98,98.99,310.94,315.97,326.94,324.97,487.91,495.95,182.97,177.98,323.94,339.97,140.97,147.99,86.98,98.99,707.87,683.93,0.2,3.3,4.3,0.8,0.2,0.2,3.8,5.2,0.8,0.2
Samoa,30.0,31.0,70.0,50.0,48.0,34.0,337.99,302.97,637.99,512.95,527.99,570.95,107.0,100.99,260.99,266.97,168.0,254.98,0.0,0.0,894.98,975.91,0.3,2.8,3.7,0.3,0.1,0.3,3.0,4.2,0.3,0.1
Sao Tome and Principe,4.0,4.0,35.0,46.0,52.0,53.0,165.99,197.99,368.98,336.99,158.99,169.99,38.0,41.0,417.98,410.99,99.99,95.0,39.0,36.0,998.94,1075.96,0.2,3.9,2.9,0.5,0.1,0.2,4.0,3.2,0.5,0.1
Saudi Arabia,2465.0,2675.0,91.0,91.0,0.0,0.0,305.0,298.0,555.0,583.0,226.0,239.0,172.0,178.0,317.0,327.0,39.0,49.0,47.0,43.0,1468.0,1442.0,0.3,4.4,4.7,0.7,0.3,0.3,4.7,5.1,0.7,0.3
Senegal,600.0,626.0,17.0,17.0,4.0,3.0,176.0,160.0,514.0,561.0,122.0,127.0,43.0,41.0,125.0,137.0,134.0,140.0,51.0,69.0,1520.0,1536.0,0.2,4.2,2.8,0.5,0.1,0.2,4.6,3.4,0.5,0.1
Serbia,2045.0,2070.0,86.0,99.0,147.0,131.0,169.0,164.0,367.0,398.0,350.0,371.0,386.0,383.0,248.0,276.0,87.0,82.0,26.0,28.0,1595.0,1648.0,0.2,2.9,3.3,0.5,0.2,0.2,3.4,4.2,0.5,0.2
Seychelles,9.0,8.0,154.98,171.97,175.97,174.97,310.95,257.96,372.94,395.94,393.94,403.94,172.97,157.98,200.97,226.97,58.99,58.99,56.99,44.99,1234.81,1291.81,0.3,2.7,3.5,0.3,0.2,0.3,3.1,4.4,0.3,0.2
Sierra Leone,218.0,227.0,20.0,21.0,7.0,5.0,72.0,48.0,413.0,275.0,102.0,105.0,20.0,18.0,84.0,84.0,410.0,537.0,80.0,74.0,1087.0,1169.0,0.2,4.6,3.2,0.5,0.1,0.2,4.7,3.3,0.5,0.1
Slovakia,704.0,725.0,65.0,78.0,124.0,137.0,325.0,279.0,937.0,910.0,268.0,282.0,243.0,238.0,137.0,144.0,90.0,89.0,14.0,13.0,823.0,805.0,0.2,2.8,3.3,0.5,0.2,0.2,3.4,4.5,0.5,0.2
Slovenia,214.0,209.0,118.0,123.0,135.0,112.0,292.0,306.0,527.0,521.0,325.0,272.0,344.0,339.0,250.0,222.0,75.0,90.0,10.0,9.0,1074.0,1101.0,0.2,3.2,3.3,0.5,0.2,0.2,3.7,4.1,0.5,0.2
Solomon Islands,59.0,62.0,27.0,50.0,14.0,13.0,134.0,161.0,341.99,330.0,153.0,158.0,21.0,31.0,60.0,57.0,758.99,714.99,81.0,75.0,809.99,756.99,0.3,3.0,3.7,0.3,0.1,0.3,3.2,4.2,0.3,0.1
South Africa,7412.0,7716.0,39.0,44.0,112.0,162.0,325.0,309.0,447.0,480.0,300.0,337.0,121.0,119.0,69.0,72.0,63.0,70.0,11.0,15.0,1340.0,1168.0,0.2,4.5,3.8,0.5,0.2,0.2,5.3,4.8,0.5,0.2
South Korea,3523.0,3835.0,69.0,71.0,150.0,136.0,466.0,461.0,777.0,825.0,437.0,438.0,93.0,101.0,238.0,234.0,44.0,39.0,12.0,13.0,1095.0,1080.0,0.3,2.2,3.2,0.4,0.4,0.3,2.4,3.5,0.4,0.4
South Sudan,132.0,137.0,19.0,23.0,6.0,5.0,90.0,84.0,504.0,486.0,138.0,107.0,360.0,416.0,87.0,90.0,403.0,417.0,49.0,54.0,684.0,732.0,0.2,5.0,4.2,0.6,0.1,0.2,5.2,4.5,0.6,0.1
Spain,5429.0,5304.0,37.0,37.0,163.0,153.0,306.0,301.0,897.0,930.0,497.0,481.0,356.0,358.0,213.0,220.0,107.0,105.0,46.0,39.0,751.0,768.0,0.3,5.0,4.8,0.8,0.6,0.3,5.5,6.0,0.8,0.6
Sri Lanka,1006.0,1039.0,59.0,64.0,11.0,7.0,294.0,276.0,269.0,290.0,108.0,116.0,106.0,100.0,108.0,155.0,50.0,48.0,105.0,108.0,1655.0,1698.0,0.3,2.9,3.7,0.3,0.1,0.3,3.4,4.5,0.3,0.1
Sudan,5315.0,5573.0,16.0,17.0,0.0,0.0,290.0,349.0,358.0,413.0,104.0,101.0,196.0,188.0,193.0,191.0,34.0,41.0,89.0,110.0,1293.0,1214.0,0.2,4.5,4.9,0.7,0.2,0.2,5.0,5.7,0.7,0.2
Suriname,67.0,63.0,79.0,69.0,89.0,86.0,424.0,460.0,370.0,385.0,308.0,294.0,96.0,91.0,178.0,137.0,65.0,54.0,17.0,22.0,1068.99,1035.0,0.2,4.5,4.2,0.8,0.3,0.2,5.8,5.6,0.8,0.3
Sweden,958.0,938.0,84.0,83.0,141.0,164.0,360.0,346.0,660.0,702.0,368.0,351.0,473.0,474.0,171.0,168.0,101.0,103.0,19.0,13.0,865.0,865.0,0.3,4.5,5.1,0.8,0.5,0.3,5.1,5.9,0.8,0.5
Switzerland,756.0,747.0,51.0,79.0,160.0,149.0,457.0,429.0,798.0,800.0,346.0,353.0,527.0,548.0,198.0,203.0,85.0,72.0,17.0,15.0,770.0,754.0,0.3,3.9,7.0,0.8,0.5,0.3,4.7,7.6,0.8,0.5
Syria,1825.0,1912.0,26.0,38.0,2.0,1.0,186.0,172.0,473.0,380.0,86.0,95.0,185.0,187.0,191.0,194.0,47.0,44.0,99.0,91.0,1226.0,1262.0,0.2,4.3,5.4,0.7,0.2,0.2,4.8,6.4,0.7,0.2
Taiwan,2705.0,2791.0,38.0,45.0,68.0,70.0,293.0,274.0,811.0,829.0,452.0,462.0,134.0,144.0,238.0,233.0,28.0,31.0,21.0,22.0,878.0,853.0,0.3,2.6,3.5,0.2,0.2,0.3,2.7,3.8,0.2,0.2
Tajikistan,306.0,311.0,95.0,64.0,7.0,6.0,189.0,205.0,374.0,371.0,189.0,180.0,208.0,210.0,264.0,261.0,75.0,73.0,37.0,42.0,1327.0,1359.0,0.2,3.0,2.2,0.5,0.1,0.2,3.4,2.8,0.5,0.1
Tanzania,337.0,358.0,8.0,8.0,56.0,57.0,121.0,117.0,385.0,387.0,69.0,76.0,77.0,87.0,145.0,136.0,371.0,362.0,169.0,158.0,959.0,992.0,0.2,4.8,3.6,0.6,0.1,0.2,5.2,4.2,0.6,0.1
Thailand,5287.0,5850.0,64.0,69.0,130.0,132.0,511.0,484.0,327.0,339.0,199.0,200.0,90.0,94.0,123.0,127.0,36.0,33.0,24.0,25.0,1305.0,1353.0,0.3,2.9,3.3,0.3,0.2,0.3,3.1,3.8,0.3,0.2
Togo,124.0,135.0,20.0,25.0,14.0,27.0,105.0,125.0,430.0,352.0,79.0,62.0,12.0,16.0,34.0,33.0,423.0,526.0,89.0,89.0,1233.0,1277.0,0.2,4.7,3.2,0.5,0.1,0.2,4.9,3.4,0.5,0.1
Trinidad and Tobago,361.0,381.0,47.0,49.0,61.0,79.0,414.0,430.0,505.0,554.0,314.0,272.0,184.0,170.0,115.0,120.0,77.0,77.0,77.0,68.0,1159.99,1118.99,0.2,3.7,4.0,0.8,0.4,0.2,4.7,5.4,0.8,0.3
Tunisia,1065.0,1103.0,46.0,51.0,21.0,26.0,325.0,352.0,664.0,592.0,141.0,146.0,235.0,229.0,371.0,386.0,53.0,51.0,63.0,68.0,1523.0,1571.0,0.2,5.4,5.1,0.7,0.2,0.2,6.8,6.9,0.7,0.2
Turkey,9908.0,10243.0,41.0,74.0,25.0,32.0,318.0,262.0,800.0,785.0,170.0,213.0,413.0,466.0,340.0,352.0,84.0,83.0,112.0,107.0,1499.0,1453.0,0.2,4.0,4.4,0.7,0.3,0.2,4.7,5.4,0.7,0.3
Turkmenistan,368.0,375.0,46.0,53.0,19.0,21.0,190.0,194.0,247.0,301.0,300.0,309.0,306.0,297.0,186.0,175.0,74.0,101.0,26.0,29.0,1459.0,1367.0,0.2,3.2,2.2,0.5,0.2,0.2,3.6,2.6,0.5,0.2
Uganda,439.0,468.0,7.0,7.0,72.0,71.0,133.0,117.0,344.0,349.0,84.0,81.0,71.0,63.0,429.0,395.0,287.0,268.0,119.0,122.0,580.0,649.0,0.2,7.0,3.7,0.5,0.1,0.2,7.8,4.3,0.5,0.1
Ukraine,7571.0,7268.0,41.0,40.0,107.0,105.0,366.0,334.0,349.0,391.0,256.0,240.0,364.0,334.0,217.0,218.0,229.0,229.0,19.0,29.0,996.0,1019.0,0.2,4.1,3.1,0.5,0.2,0.2,4.9,4.0,0.5,0.2
United Arab Emirates,301.0,280.0,84.0,89.0,77.87724324324324,21.0,382.0,150.0,894.0,840.0,267.0,387.0,203.0,197.0,174.0,300.0,45.0,55.0,160.0,147.0,1095.0,1121.0,0.3,3.8,4.3,0.7,0.3,0.3,4.3,5.2,0.7,0.3
United Kingdom,11762.0,11417.0,122.0,136.0,132.0,138.0,332.0,325.0,659.0,628.0,409.0,408.0,395.0,393.0,210.0,197.0,126.0,117.0,13.0,14.0,980.0,1006.0,0.2,4.4,4.6,0.9,0.5,0.2,5.2,5.6,0.9,0.5
United States,30469.0,32018.0,36.0,38.0,143.0,146.0,596.0,603.0,948.0,966.0,529.0,538.0,456.0,458.0,235.0,221.0,100.0,95.0,31.0,29.0,802.0,818.0,0.4,4.5,5.6,0.6,0.5,0.4,5.5,6.9,0.6,0.5
Uruguay,311.0,311.0,59.0,69.0,104.0,117.0,465.0,444.0,496.0,520.0,348.0,304.0,459.0,422.0,145.0,162.0,110.0,114.0,24.0,30.0,1071.0,1102.0,0.3,3.1,5.2,0.7,0.4,0.3,3.8,6.6,0.7,0.4
Uzbekistan,1054.0,1095.0,26.0,39.0,27.0,28.0,199.0,195.0,347.0,423.0,225.0,233.0,491.0,501.0,358.0,357.0,152.0,161.0,5.0,9.0,1407.0,1320.0,0.2,3.3,2.0,0.5,0.2,0.2,3.7,2.3,0.5,0.2
Vanuatu,7.0,8.0,38.0,39.0,25.0,15.0,120.99,147.0,823.96,790.99,251.99,272.99,49.0,61.0,145.99,155.0,411.98,364.99,0.0,0.0,930.96,970.98,0.3,3.0,3.7,0.3,0.1,0.3,3.2,4.3,0.3,0.1
Venezuela,1668.0,1779.0,33.0,29.0,19.0,26.0,292.0,287.0,501.0,443.0,152.0,162.0,158.0,156.0,154.0,159.0,63.0,70.0,78.0,90.0,788.0,887.0,0.2,3.3,4.0,0.8,0.3,0.2,3.5,4.5,0.8,0.2
Vietnam,4733.0,5014.0,35.0,48.0,83.0,76.0,202.0,262.0,289.0,274.0,306.0,344.0,62.0,73.0,221.0,246.0,49.0,51.0,28.0,28.0,1688.0,1645.0,0.3,2.5,2.2,0.3,0.1,0.3,2.7,2.6,0.3,0.1
Yemen,1813.0,1952.0,81.0,100.0,0.0,0.0,278.0,229.0,209.0,220.0,78.0,80.0,46.0,52.0,72.0,78.0,10.0,11.0,38.0,46.0,1219.0,1359.0,0.2,5.1,4.9,0.7,0.1,0.2,5.2,5.2,0.7,0.1
Zambia,310.0,322.0,13.0,12.0,38.0,40.0,104.0,147.0,270.0,291.0,109.0,116.0,22.0,19.0,28.0,27.0,660.0,597.0,12.0,14.0,988.0,957.0,0.2,4.4,3.7,0.5,0.1,0.2,4.9,4.5,0.5,0.1
Zimbabwe,525.0,522.0,13.0,33.0,53.0,50.0,176.0,199.0,288.0,374.0,269.0,295.0,51.0,52.0,31.0,33.0,57.0,65.0,24.0,27.0,1064.0,920.0,0.2,3.5,3.2,0.5,0.1,0.2,3.9,3.9,0.5,0.1
High-income countries,138922.0,141086.0,71.06,73.21,141.08,141.49,425.24,428.14,797.68,810.83,425.14,429.51,378.02,384.15,214.65,214.01,96.85,93.1,28.22,28.08,922.2,913.64,0.3,3.8,4.8,0.7,0.5,0.3,4.5,5.9,0.7,0.5
Low-income countries,21957.0,23015.0,22.36,24.65,20.64,20.19,112.38,112.57,230.53,253.19,71.61,69.89,65.04,64.62,130.85,131.13,365.84,367.27,115.33,120.15,1162.5,1140.98,0.2,4.9,3.7,0.5,0.1,0.2,5.3,4.2,0.5,0.1
Lower-middle-income countries,220034.0,229042.0,29.75,32.05,22.24,22.02,219.58,208.9,359.82,361.73,95.1,90.88,160.6,163.54,165.85,167.97,153.26,154.46,94.78,95.31,1334.47,1361.71,0.3,3.8,3.3,0.4,0.2,0.3,4.3,3.9,0.4,0.2
Upper-middle-income countries,248690.0,263735.0,42.19,45.45,86.64,85.7,225.9,213.26,454.99,492.55,355.38,355.94,180.28,190.18,307.6,315.71,136.01,132.96,34.7,35.04,1385.26,1400.52,0.3,3.1,3.8,0.4,0.2,0.3,3.4,4.5,0.4,0.2
World,630329.0,657619.0,35.78,39.75,63.6,62.6,242.48,234.5,451.18,468.01,238.51,235.5,192.79,198.73,220.62,223.57,154.04,154.02,63.6,64.59,1266.08,1279.83,0.3,3.6,3.7,0.5,0.2,0.3,4.0,4.4,0.5,0.2
